{"cameraMode":{"drawMode":0,"name":"Shaded","section":"Shading Mode"},"sceneLighting":true,"audioPlay":false,"sceneViewState":{"showFog":true,"showMaterialUpdate":false,"showSkybox":true,"showFlares":true,"showImageEffects":true,"showParticleSystems":true},"in2DMode":false,"pivot":{"x":0.06827354431152344,"y":10.156135559082032,"z":-5.157290458679199},"rotation":{"x":-0.21872518956661225,"y":0.22592012584209443,"z":0.05220162123441696,"w":0.9478672742843628},"size":8.381244659423829,"orthographic":false}