{"cameraMode":{"drawMode":0,"name":"Shaded","section":"Shading Mode"},"sceneLighting":true,"audioPlay":false,"sceneViewState":{"showFog":true,"showMaterialUpdate":false,"showSkybox":true,"showFlares":true,"showImageEffects":true,"showParticleSystems":true},"in2DMode":false,"pivot":{"x":687.3677368164063,"y":-2.239163398742676,"z":623.0247802734375},"rotation":{"x":-0.0504625178873539,"y":0.08879419416189194,"z":-0.004733087494969368,"w":-0.9948468208312988},"size":2.1934566497802736,"orthographic":false}