{"cameraMode":{"drawMode":0,"name":"Shaded","section":"Shading Mode"},"sceneLighting":true,"audioPlay":false,"sceneViewState":{"showFog":true,"showMaterialUpdate":false,"showSkybox":true,"showFlares":true,"showImageEffects":true,"showParticleSystems":true},"in2DMode":false,"pivot":{"x":93.41728973388672,"y":-47.127628326416019,"z":-63.991966247558597},"rotation":{"x":-0.07154319435358048,"y":-0.8824925422668457,"z":0.14290904998779298,"w":-0.4424235224723816},"size":81.9849853515625,"orthographic":false}