{"cameraMode":{"drawMode":0,"name":"Shaded","section":"Shading Mode"},"sceneLighting":true,"audioPlay":false,"sceneViewState":{"showFog":true,"showMaterialUpdate":false,"showSkybox":true,"showFlares":true,"showImageEffects":true,"showParticleSystems":true},"in2DMode":false,"pivot":{"x":689.26513671875,"y":-2.1215455532073976,"z":613.1565551757813},"rotation":{"x":0.005854400340467691,"y":0.9903924465179443,"z":-0.044299907982349399,"w":0.1308920979499817},"size":2.5663671493530275,"orthographic":false}