{"cameraMode":{"drawMode":0,"name":"Shaded","section":"Shading Mode"},"sceneLighting":true,"audioPlay":false,"sceneViewState":{"showFog":true,"showMaterialUpdate":false,"showSkybox":true,"showFlares":true,"showImageEffects":true,"showParticleSystems":true},"in2DMode":false,"pivot":{"x":7.182928562164307,"y":-3.581162214279175,"z":4.290850639343262},"rotation":{"x":-0.15346786379814149,"y":0.03940645977854729,"z":-0.006125335115939379,"w":-0.9873499870300293},"size":10.0,"orthographic":false}