{"cameraMode":{"drawMode":0,"name":"Shaded","section":"Shading Mode"},"sceneLighting":true,"audioPlay":false,"sceneViewState":{"showFog":true,"showMaterialUpdate":false,"showSkybox":true,"showFlares":true,"showImageEffects":true,"showParticleSystems":true},"in2DMode":false,"pivot":{"x":-1.0662277936935425,"y":5.998589992523193,"z":21.233552932739259},"rotation":{"x":0.12770593166351319,"y":0.026743905618786813,"z":0.003456499194726348,"w":-0.9914779663085938},"size":8.677789688110352,"orthographic":false}