{"cameraMode":{"drawMode":0,"name":"Shaded","section":"Shading Mode"},"sceneLighting":true,"audioPlay":false,"sceneViewState":{"showFog":true,"showMaterialUpdate":false,"showSkybox":true,"showFlares":true,"showImageEffects":true,"showParticleSystems":true},"in2DMode":false,"pivot":{"x":350.20001220703127,"y":1.3001282215118409,"z":280.0},"rotation":{"x":0.04644649475812912,"y":0.40039801597595217,"z":-0.020274976268410684,"w":0.914973795413971},"size":707.1079711914063,"orthographic":false}