{"cameraMode":{"drawMode":0,"name":"Shaded","section":"Shading Mode"},"sceneLighting":true,"audioPlay":false,"sceneViewState":{"showFog":true,"showMaterialUpdate":false,"showSkybox":true,"showFlares":true,"showImageEffects":true,"showParticleSystems":true},"in2DMode":false,"pivot":{"x":690.5687255859375,"y":-1.9737021923065186,"z":616.451904296875},"rotation":{"x":0.003148383693769574,"y":-0.7144850492477417,"z":0.0032152060884982349,"w":0.6996363401412964},"size":3.453357219696045,"orthographic":true}