{"cameraMode":{"drawMode":0,"name":"Shaded","section":"Shading Mode"},"sceneLighting":true,"audioPlay":false,"sceneViewState":{"showFog":true,"showMaterialUpdate":false,"showSkybox":true,"showFlares":true,"showImageEffects":true,"showParticleSystems":true},"in2DMode":false,"pivot":{"x":-7.564946174621582,"y":4.199460029602051,"z":-3.6433944702148439},"rotation":{"x":0.055364519357681277,"y":0.061966657638549808,"z":-0.003442606655880809,"w":0.996536135673523},"size":3.339134454727173,"orthographic":false}