{"cameraMode":{"drawMode":0,"name":"Shaded","section":"Shading Mode"},"sceneLighting":false,"audioPlay":false,"sceneViewState":{"showFog":true,"showMaterialUpdate":false,"showSkybox":false,"showFlares":true,"showImageEffects":true,"showParticleSystems":true},"in2DMode":false,"pivot":{"x":-0.5481913089752197,"y":5.5163140296936039,"z":0.9822190999984741},"rotation":{"x":0.14909888803958894,"y":0.8487586975097656,"z":-0.3244258761405945,"w":0.390062540769577},"size":0.18461519479751588,"orthographic":false}