{"cameraMode":{"drawMode":0,"name":"Shaded","section":"Shading Mode"},"sceneLighting":true,"audioPlay":false,"sceneViewState":{"showFog":true,"showMaterialUpdate":false,"showSkybox":true,"showFlares":true,"showImageEffects":true,"showParticleSystems":true},"in2DMode":false,"pivot":{"x":1.3558993339538575,"y":0.06523609161376953,"z":1.1327507495880128},"rotation":{"x":-0.10380154103040695,"y":-0.1377018541097641,"z":0.0144988177344203,"w":-0.9849335551261902},"size":7.330965042114258,"orthographic":true}