{"cameraMode":{"drawMode":0,"name":"Shaded","section":"Shading Mode"},"sceneLighting":true,"audioPlay":false,"sceneViewState":{"showFog":true,"showMaterialUpdate":false,"showSkybox":true,"showFlares":true,"showImageEffects":true,"showParticleSystems":true},"in2DMode":false,"pivot":{"x":0.8919059038162231,"y":1.5347659587860108,"z":-23.243806838989259},"rotation":{"x":-0.0031807124614715578,"y":-0.9940581321716309,"z":0.029524197801947595,"w":-0.1050068736076355},"size":10.0,"orthographic":false}