{"cameraMode":{"drawMode":0,"name":"Shaded","section":"Shading Mode"},"sceneLighting":true,"audioPlay":false,"sceneViewState":{"showFog":true,"showMaterialUpdate":false,"showSkybox":false,"showFlares":true,"showImageEffects":true,"showParticleSystems":true},"in2DMode":false,"pivot":{"x":683.083251953125,"y":-6.2526960372924809,"z":620.203369140625},"rotation":{"x":0.10288752615451813,"y":-0.18732458353042603,"z":0.02000592090189457,"w":0.9767627120018005},"size":4.492724418640137,"orthographic":false}