{"cameraMode":{"drawMode":0,"name":"Shaded","section":"Shading Mode"},"sceneLighting":true,"audioPlay":false,"sceneViewState":{"showFog":true,"showMaterialUpdate":false,"showSkybox":true,"showFlares":true,"showImageEffects":true,"showParticleSystems":true},"in2DMode":false,"pivot":{"x":690.1627807617188,"y":-2.5386338233947756,"z":617.7565307617188},"rotation":{"x":0.07590220868587494,"y":0.8412017226219177,"z":-0.12248796224594116,"w":0.5211999416351318},"size":1.997652530670166,"orthographic":false}