{"cameraMode":{"drawMode":0,"name":"Shaded","section":"Shading Mode"},"sceneLighting":true,"audioPlay":false,"sceneViewState":{"showFog":true,"showMaterialUpdate":false,"showSkybox":true,"showFlares":true,"showImageEffects":true,"showParticleSystems":true},"in2DMode":false,"pivot":{"x":-10.208918571472168,"y":8.1209135055542,"z":-1.6310863494873047},"rotation":{"x":0.4028998017311096,"y":0.13675276935100556,"z":-0.061015933752059939,"w":0.9029279947280884},"size":7.306270122528076,"orthographic":false}