{"cameraMode":{"drawMode":0,"name":"Shaded","section":"Shading Mode"},"sceneLighting":true,"audioPlay":false,"sceneViewState":{"showFog":true,"showMaterialUpdate":false,"showSkybox":true,"showFlares":true,"showImageEffects":true,"showParticleSystems":true},"in2DMode":false,"pivot":{"x":-56.75636291503906,"y":-43.172454833984378,"z":127.748046875},"rotation":{"x":0.16128133237361909,"y":-0.18677891790866853,"z":0.031101424247026445,"w":0.968576967716217},"size":79.55009460449219,"orthographic":false}