{"cameraMode":{"drawMode":0,"name":"Shaded","section":"Shading Mode"},"sceneLighting":true,"audioPlay":false,"sceneViewState":{"showFog":true,"showMaterialUpdate":false,"showSkybox":true,"showFlares":true,"showImageEffects":true,"showParticleSystems":true},"in2DMode":false,"pivot":{"x":14.608919143676758,"y":21.942481994628908,"z":40.7203254699707},"rotation":{"x":0.06416967511177063,"y":0.09447909891605377,"z":-0.00607927655801177,"w":0.9934635162353516},"size":39.58617401123047,"orthographic":false}