{"cameraMode":{"drawMode":0,"name":"Shaded","section":"Shading Mode"},"sceneLighting":true,"audioPlay":false,"sceneViewState":{"showFog":true,"showMaterialUpdate":false,"showSkybox":true,"showFlares":true,"showImageEffects":true,"showParticleSystems":true},"in2DMode":false,"pivot":{"x":0.3462340831756592,"y":5.240530014038086,"z":-0.4942275285720825},"rotation":{"x":0.1161130890250206,"y":-0.439574271440506,"z":0.05742207542061806,"w":0.8888249397277832},"size":1.409854769706726,"orthographic":false}