{"cameraMode":{"drawMode":0,"name":"Shaded","section":"Shading Mode"},"sceneLighting":true,"audioPlay":false,"sceneViewState":{"showFog":true,"showMaterialUpdate":false,"showSkybox":true,"showFlares":true,"showImageEffects":true,"showParticleSystems":true},"in2DMode":false,"pivot":{"x":29.143512725830079,"y":-41.232276916503909,"z":109.37252807617188},"rotation":{"x":0.1766340136528015,"y":0.10052134096622467,"z":-0.01810511015355587,"w":0.9789917469024658},"size":64.87101745605469,"orthographic":false}